ablation_id,answer_relevance,answerable,citation_accuracy,client_latency_ms,configuration,faithfulness,hallucination_rate,hit_at_3,item_id,pipeline,query_rewrite_latency_ms,relevant_chunk,reranking_latency_ms,retrieval_latency_ms,retrieved_chunk_ids,total_rag_latency_ms
A,,True,,116.861,baseline_rag,,,1.0,sr-001,"[""no_conversation_context"", ""original_query"", ""chromadb_retrieval"", ""relevance_score"", ""retrieval_order"", ""plain_context"", ""grounded_generation""]",0.001,sarabun 26.txt#chunk-12,0.003,1.182,"[""sarabun 26.txt#chunk-12"", ""sarabun 26.txt#chunk-7"", ""sarabun 26.txt#chunk-10""]",106.479
B,,True,,32.106,relevance_score,,,1.0,sr-001,"[""no_conversation_context"", ""original_query"", ""chromadb_retrieval"", ""relevance_score"", ""retrieval_order"", ""plain_context"", ""grounded_generation""]",0.001,sarabun 26.txt#chunk-12,0.002,0.782,"[""sarabun 26.txt#chunk-12"", ""sarabun 26.txt#chunk-7"", ""sarabun 26.txt#chunk-10""]",31.002
C,,True,,31.668,citations,,,1.0,sr-001,"[""no_conversation_context"", ""original_query"", ""chromadb_retrieval"", ""relevance_score"", ""retrieval_order"", ""citation_context"", ""grounded_generation""]",0.0,sarabun 26.txt#chunk-12,0.002,0.786,"[""sarabun 26.txt#chunk-12"", ""sarabun 26.txt#chunk-7"", ""sarabun 26.txt#chunk-10""]",30.705
D,,True,,34.315,reranking,,,1.0,sr-001,"[""no_conversation_context"", ""original_query"", ""chromadb_retrieval"", ""relevance_score"", ""reranking"", ""citation_context"", ""grounded_generation""]",0.0,sarabun 26.txt#chunk-12,0.897,0.888,"[""sarabun 26.txt#chunk-10"", ""sarabun 26.txt#chunk-30"", ""sarabun 26.txt#chunk-12""]",33.339
E,,True,,34.724,query_rewriting,,,1.0,sr-001,"[""no_conversation_context"", ""query_rewriting"", ""chromadb_retrieval"", ""relevance_score"", ""reranking"", ""citation_context"", ""grounded_generation""]",0.005,sarabun 26.txt#chunk-12,0.944,0.975,"[""sarabun 26.txt#chunk-10"", ""sarabun 26.txt#chunk-30"", ""sarabun 26.txt#chunk-12""]",33.769
F,,True,,35.943,conversation_memory,,,1.0,sr-001,"[""no_conversation_context"", ""query_rewriting"", ""chromadb_retrieval"", ""relevance_score"", ""reranking"", ""citation_context"", ""grounded_generation""]",0.004,sarabun 26.txt#chunk-12,0.895,1.002,"[""sarabun 26.txt#chunk-10"", ""sarabun 26.txt#chunk-30"", ""sarabun 26.txt#chunk-12""]",34.937
G,,True,,33.183,full_rag,,,1.0,sr-001,"[""no_conversation_context"", ""query_rewriting"", ""chromadb_retrieval"", ""relevance_score"", ""reranking"", ""citation_context"", ""grounded_generation""]",0.004,sarabun 26.txt#chunk-12,0.73,0.88,"[""sarabun 26.txt#chunk-10"", ""sarabun 26.txt#chunk-30"", ""sarabun 26.txt#chunk-12""]",32.278
A,,True,,30.066,baseline_rag,,,1.0,sr-002,"[""no_conversation_context"", ""original_query"", ""chromadb_retrieval"", ""relevance_score"", ""retrieval_order"", ""plain_context"", ""grounded_generation""]",0.0,sarabun 26.txt#chunk-20,0.002,0.772,"[""sarabun 26.txt#chunk-20"", ""sarabun 26.txt#chunk-29"", ""sarabun 26.txt#chunk-13""]",29.244
B,,True,,29.759,relevance_score,,,1.0,sr-002,"[""no_conversation_context"", ""original_query"", ""chromadb_retrieval"", ""relevance_score"", ""retrieval_order"", ""plain_context"", ""grounded_generation""]",0.0,sarabun 26.txt#chunk-20,0.002,0.82,"[""sarabun 26.txt#chunk-20"", ""sarabun 26.txt#chunk-29"", ""sarabun 26.txt#chunk-13""]",28.963
C,,True,,29.677,citations,,,1.0,sr-002,"[""no_conversation_context"", ""original_query"", ""chromadb_retrieval"", ""relevance_score"", ""retrieval_order"", ""citation_context"", ""grounded_generation""]",0.0,sarabun 26.txt#chunk-20,0.002,0.717,"[""sarabun 26.txt#chunk-20"", ""sarabun 26.txt#chunk-29"", ""sarabun 26.txt#chunk-13""]",28.851
D,,True,,31.348,reranking,,,1.0,sr-002,"[""no_conversation_context"", ""original_query"", ""chromadb_retrieval"", ""relevance_score"", ""reranking"", ""citation_context"", ""grounded_generation""]",0.0,sarabun 26.txt#chunk-20,0.715,0.893,"[""sarabun 26.txt#chunk-28"", ""sarabun 26.txt#chunk-29"", ""sarabun 26.txt#chunk-20""]",30.535
E,,True,,32.286,query_rewriting,,,1.0,sr-002,"[""no_conversation_context"", ""query_rewriting"", ""chromadb_retrieval"", ""relevance_score"", ""reranking"", ""citation_context"", ""grounded_generation""]",0.003,sarabun 26.txt#chunk-20,0.673,0.89,"[""sarabun 26.txt#chunk-28"", ""sarabun 26.txt#chunk-29"", ""sarabun 26.txt#chunk-20""]",31.406
F,,True,,30.648,conversation_memory,,,1.0,sr-002,"[""no_conversation_context"", ""query_rewriting"", ""chromadb_retrieval"", ""relevance_score"", ""reranking"", ""citation_context"", ""grounded_generation""]",0.003,sarabun 26.txt#chunk-20,0.66,0.874,"[""sarabun 26.txt#chunk-28"", ""sarabun 26.txt#chunk-29"", ""sarabun 26.txt#chunk-20""]",29.747
G,,True,,29.558,full_rag,,,1.0,sr-002,"[""no_conversation_context"", ""query_rewriting"", ""chromadb_retrieval"", ""relevance_score"", ""reranking"", ""citation_context"", ""grounded_generation""]",0.003,sarabun 26.txt#chunk-20,0.685,0.826,"[""sarabun 26.txt#chunk-28"", ""sarabun 26.txt#chunk-29"", ""sarabun 26.txt#chunk-20""]",28.68
A,,True,,31.108,baseline_rag,,,1.0,sr-003,"[""no_conversation_context"", ""original_query"", ""chromadb_retrieval"", ""relevance_score"", ""retrieval_order"", ""plain_context"", ""grounded_generation""]",0.0,sarabun 26.txt#chunk-33,0.002,0.761,"[""sarabun 26.txt#chunk-33"", ""sarabun 26.txt#chunk-34"", ""sarabun 26.txt#chunk-40""]",30.164
B,,True,,30.633,relevance_score,,,1.0,sr-003,"[""no_conversation_context"", ""original_query"", ""chromadb_retrieval"", ""relevance_score"", ""retrieval_order"", ""plain_context"", ""grounded_generation""]",0.0,sarabun 26.txt#chunk-33,0.002,0.789,"[""sarabun 26.txt#chunk-33"", ""sarabun 26.txt#chunk-34"", ""sarabun 26.txt#chunk-40""]",29.798
C,,True,,30.977,citations,,,1.0,sr-003,"[""no_conversation_context"", ""original_query"", ""chromadb_retrieval"", ""relevance_score"", ""retrieval_order"", ""citation_context"", ""grounded_generation""]",0.0,sarabun 26.txt#chunk-33,0.002,0.75,"[""sarabun 26.txt#chunk-33"", ""sarabun 26.txt#chunk-34"", ""sarabun 26.txt#chunk-40""]",30.132
D,,True,,31.927,reranking,,,0.0,sr-003,"[""no_conversation_context"", ""original_query"", ""chromadb_retrieval"", ""relevance_score"", ""reranking"", ""citation_context"", ""grounded_generation""]",0.0,sarabun 26.txt#chunk-33,0.761,0.848,"[""sarabun 26.txt#chunk-40"", ""sarabun 26.txt#chunk-22"", ""sarabun 26.txt#chunk-34""]",31.13
E,,True,,31.943,query_rewriting,,,0.0,sr-003,"[""no_conversation_context"", ""query_rewriting"", ""chromadb_retrieval"", ""relevance_score"", ""reranking"", ""citation_context"", ""grounded_generation""]",0.003,sarabun 26.txt#chunk-33,0.778,0.899,"[""sarabun 26.txt#chunk-40"", ""sarabun 26.txt#chunk-22"", ""sarabun 26.txt#chunk-34""]",31.132
F,,True,,32.268,conversation_memory,,,0.0,sr-003,"[""no_conversation_context"", ""query_rewriting"", ""chromadb_retrieval"", ""relevance_score"", ""reranking"", ""citation_context"", ""grounded_generation""]",0.004,sarabun 26.txt#chunk-33,0.743,0.865,"[""sarabun 26.txt#chunk-40"", ""sarabun 26.txt#chunk-22"", ""sarabun 26.txt#chunk-34""]",31.359
G,,True,,31.938,full_rag,,,0.0,sr-003,"[""no_conversation_context"", ""query_rewriting"", ""chromadb_retrieval"", ""relevance_score"", ""reranking"", ""citation_context"", ""grounded_generation""]",0.003,sarabun 26.txt#chunk-33,0.755,0.865,"[""sarabun 26.txt#chunk-40"", ""sarabun 26.txt#chunk-22"", ""sarabun 26.txt#chunk-34""]",31.031
A,,True,,29.988,baseline_rag,,,1.0,sr-004,"[""no_conversation_context"", ""original_query"", ""chromadb_retrieval"", ""relevance_score"", ""retrieval_order"", ""plain_context"", ""grounded_generation""]",0.0,sarabun 26.txt#chunk-40,0.003,0.754,"[""sarabun 26.txt#chunk-40"", ""sarabun 26.txt#chunk-33"", ""sarabun 26.txt#chunk-22""]",29.2
B,,True,,31.155,relevance_score,,,1.0,sr-004,"[""no_conversation_context"", ""original_query"", ""chromadb_retrieval"", ""relevance_score"", ""retrieval_order"", ""plain_context"", ""grounded_generation""]",0.0,sarabun 26.txt#chunk-40,0.002,1.44,"[""sarabun 26.txt#chunk-40"", ""sarabun 26.txt#chunk-33"", ""sarabun 26.txt#chunk-22""]",30.369
C,,True,,33.636,citations,,,1.0,sr-004,"[""no_conversation_context"", ""original_query"", ""chromadb_retrieval"", ""relevance_score"", ""retrieval_order"", ""citation_context"", ""grounded_generation""]",0.0,sarabun 26.txt#chunk-40,0.002,0.898,"[""sarabun 26.txt#chunk-40"", ""sarabun 26.txt#chunk-33"", ""sarabun 26.txt#chunk-22""]",32.699
D,,True,,32.023,reranking,,,0.0,sr-004,"[""no_conversation_context"", ""original_query"", ""chromadb_retrieval"", ""relevance_score"", ""reranking"", ""citation_context"", ""grounded_generation""]",0.0,sarabun 26.txt#chunk-40,0.531,0.954,"[""sarabun 26.txt#chunk-39"", ""sarabun 26.txt#chunk-22"", ""sarabun 26.txt#chunk-32""]",31.108
E,,True,,31.78,query_rewriting,,,0.0,sr-004,"[""no_conversation_context"", ""query_rewriting"", ""chromadb_retrieval"", ""relevance_score"", ""reranking"", ""citation_context"", ""grounded_generation""]",0.004,sarabun 26.txt#chunk-40,0.53,1.037,"[""sarabun 26.txt#chunk-39"", ""sarabun 26.txt#chunk-22"", ""sarabun 26.txt#chunk-32""]",30.909
F,,True,,47.394,conversation_memory,,,0.0,sr-004,"[""no_conversation_context"", ""query_rewriting"", ""chromadb_retrieval"", ""relevance_score"", ""reranking"", ""citation_context"", ""grounded_generation""]",0.003,sarabun 26.txt#chunk-40,1.144,1.781,"[""sarabun 26.txt#chunk-39"", ""sarabun 26.txt#chunk-22"", ""sarabun 26.txt#chunk-32""]",46.02
G,,True,,35.33,full_rag,,,0.0,sr-004,"[""no_conversation_context"", ""query_rewriting"", ""chromadb_retrieval"", ""relevance_score"", ""reranking"", ""citation_context"", ""grounded_generation""]",0.008,sarabun 26.txt#chunk-40,0.525,1.036,"[""sarabun 26.txt#chunk-39"", ""sarabun 26.txt#chunk-22"", ""sarabun 26.txt#chunk-32""]",33.938
A,,True,,31.944,baseline_rag,,,1.0,sr-005,"[""no_conversation_context"", ""original_query"", ""chromadb_retrieval"", ""relevance_score"", ""retrieval_order"", ""plain_context"", ""grounded_generation""]",0.0,sarabun 26.txt#chunk-33,0.002,0.838,"[""sarabun 26.txt#chunk-33"", ""sarabun 26.txt#chunk-34"", ""sarabun 26.txt#chunk-22""]",30.789
B,,True,,31.515,relevance_score,,,1.0,sr-005,"[""no_conversation_context"", ""original_query"", ""chromadb_retrieval"", ""relevance_score"", ""retrieval_order"", ""plain_context"", ""grounded_generation""]",0.0,sarabun 26.txt#chunk-33,0.002,0.871,"[""sarabun 26.txt#chunk-33"", ""sarabun 26.txt#chunk-34"", ""sarabun 26.txt#chunk-22""]",30.436
C,,True,,33.277,citations,,,1.0,sr-005,"[""no_conversation_context"", ""original_query"", ""chromadb_retrieval"", ""relevance_score"", ""retrieval_order"", ""citation_context"", ""grounded_generation""]",0.0,sarabun 26.txt#chunk-33,0.002,0.87,"[""sarabun 26.txt#chunk-33"", ""sarabun 26.txt#chunk-34"", ""sarabun 26.txt#chunk-22""]",32.328
D,,True,,33.071,reranking,,,0.0,sr-005,"[""no_conversation_context"", ""original_query"", ""chromadb_retrieval"", ""relevance_score"", ""reranking"", ""citation_context"", ""grounded_generation""]",0.0,sarabun 26.txt#chunk-33,0.486,0.888,"[""sarabun 26.txt#chunk-32"", ""sarabun 26.txt#chunk-23"", ""sarabun 26.txt#chunk-22""]",32.187
E,,True,,32.786,query_rewriting,,,0.0,sr-005,"[""no_conversation_context"", ""query_rewriting"", ""chromadb_retrieval"", ""relevance_score"", ""reranking"", ""citation_context"", ""grounded_generation""]",0.004,sarabun 26.txt#chunk-33,0.498,0.886,"[""sarabun 26.txt#chunk-32"", ""sarabun 26.txt#chunk-23"", ""sarabun 26.txt#chunk-22""]",31.845
F,,True,,37.099,conversation_memory,,,0.0,sr-005,"[""conversation_memory_for_rewrite"", ""query_rewriting"", ""chromadb_retrieval"", ""relevance_score"", ""reranking"", ""citation_context"", ""grounded_generation""]",0.007,sarabun 26.txt#chunk-33,1.246,0.984,"[""sarabun 26.txt#chunk-23"", ""sarabun 26.txt#chunk-30"", ""sarabun 26.txt#chunk-40""]",35.785
G,,True,,36.262,full_rag,,,0.0,sr-005,"[""conversation_memory_for_rewrite"", ""query_rewriting"", ""chromadb_retrieval"", ""relevance_score"", ""reranking"", ""citation_context"", ""grounded_generation""]",0.013,sarabun 26.txt#chunk-33,0.668,0.958,"[""sarabun 26.txt#chunk-23"", ""sarabun 26.txt#chunk-30"", ""sarabun 26.txt#chunk-40""]",35.05
A,,False,,32.141,baseline_rag,,,,sr-006,"[""no_conversation_context"", ""original_query"", ""chromadb_retrieval"", ""relevance_score"", ""retrieval_order"", ""plain_context"", ""grounded_generation""]",0.0,,0.003,0.869,"[""sarabun 26.txt#chunk-1"", ""sarabun 26.txt#chunk-26"", ""sarabun 26.txt#chunk-3""]",31.232
B,,False,,31.82,relevance_score,,,,sr-006,"[""no_conversation_context"", ""original_query"", ""chromadb_retrieval"", ""relevance_score"", ""retrieval_order"", ""plain_context"", ""grounded_generation""]",0.0,,0.002,0.844,"[""sarabun 26.txt#chunk-1"", ""sarabun 26.txt#chunk-26"", ""sarabun 26.txt#chunk-3""]",30.919
C,,False,,31.381,citations,,,,sr-006,"[""no_conversation_context"", ""original_query"", ""chromadb_retrieval"", ""relevance_score"", ""retrieval_order"", ""citation_context"", ""grounded_generation""]",0.0,,0.002,0.799,"[""sarabun 26.txt#chunk-1"", ""sarabun 26.txt#chunk-26"", ""sarabun 26.txt#chunk-3""]",30.476
D,,False,,32.333,reranking,,,,sr-006,"[""no_conversation_context"", ""original_query"", ""chromadb_retrieval"", ""relevance_score"", ""reranking"", ""citation_context"", ""grounded_generation""]",0.001,,0.343,0.833,"[""sarabun 26.txt#chunk-1"", ""sarabun 26.txt#chunk-5"", ""sarabun 26.txt#chunk-3""]",31.3
E,,False,,33.207,query_rewriting,,,,sr-006,"[""no_conversation_context"", ""query_rewriting"", ""chromadb_retrieval"", ""relevance_score"", ""reranking"", ""citation_context"", ""grounded_generation""]",0.01,,0.335,0.915,"[""sarabun 26.txt#chunk-1"", ""sarabun 26.txt#chunk-5"", ""sarabun 26.txt#chunk-3""]",32.074
F,,False,,32.417,conversation_memory,,,,sr-006,"[""no_conversation_context"", ""query_rewriting"", ""chromadb_retrieval"", ""relevance_score"", ""reranking"", ""citation_context"", ""grounded_generation""]",0.004,,0.321,0.897,"[""sarabun 26.txt#chunk-1"", ""sarabun 26.txt#chunk-5"", ""sarabun 26.txt#chunk-3""]",31.467
G,,False,,32.191,full_rag,,,,sr-006,"[""no_conversation_context"", ""query_rewriting"", ""chromadb_retrieval"", ""relevance_score"", ""reranking"", ""citation_context"", ""grounded_generation""]",0.005,,0.326,0.887,"[""sarabun 26.txt#chunk-1"", ""sarabun 26.txt#chunk-5"", ""sarabun 26.txt#chunk-3""]",31.314
